{
  "contacts": [
    {
      "contact_id": "6300000000000000000000321",
      "contact_name": "张守成",
      "txlmlid": "63000000000000000364",
      "org_name": "青海省发展和改革委员会",
      "post": "",
      "tel_cell": "13709714222",
      "tel_office": "6305729",
      "fax": "6305740",
      "tel_home": "",
      "email": "",
      "sim_imsi": "",
      "contact_type": "TYPE_DWTXL",
      "pxh": "401",
      "contact_color": "4"
    },
    {
      "contact_id": "6300000000000000000000322",
      "contact_name": "郗海明",
      "txlmlid": "63000000000000000364",
      "org_name": "青海省发展和改革委员会",
      "post": "",
      "tel_cell": "18609710007",
      "tel_office": "6320998",
      "fax": "6305740",
      "tel_home": "",
      "email": "",
      "sim_imsi": "",
      "contact_type": "TYPE_DWTXL",
      "pxh": "402",
      "contact_color": "4"
    },
    {
      "contact_id": "6300000000000000000000323",
      "contact_name": "陈倩如",
      "txlmlid": "63000000000000000364",
      "org_name": "青海省发展和改革委员会",
      "post": "",
      "tel_cell": "13997286130",
      "tel_office": "6305721",
      "fax": "6305740",
      "tel_home": "",
      "email": "",
      "sim_imsi": "",
      "contact_type": "TYPE_DWTXL",
      "pxh": "403",
      "contact_color": "5"
    },
    {
      "contact_id": "6300000000000000000000324",
      "contact_name": "颜世国",
      "txlmlid": "63000000000000000364",
      "org_name": "青海省发展和改革委员会",
      "post": "",
      "tel_cell": "13897663090",
      "tel_office": "6305740",
      "fax": "6305740",
      "tel_home": "",
      "email": "",
      "sim_imsi": "",
      "contact_type": "TYPE_DWTXL",
      "pxh": "404",
      "contact_color": "4"
    },
    {
      "contact_id": "6300000000000000000000325",
      "contact_name": "李鲁会",
      "txlmlid": "63000000000000000460",
      "org_name": "青海省教育厅",
      "post": "",
      "tel_cell": "13709716192",
      "tel_office": "6312457",
      "fax": "6310564",
      "tel_home": "",
      "email": "",
      "sim_imsi": "",
      "contact_type": "TYPE_DWTXL",
      "pxh": "405",
      "contact_color": "1"
    },
    {
      "contact_id": "6300000000000000000000326",
      "contact_name": "郭千里",
      "txlmlid": "63000000000000000460",
      "org_name": "青海省教育厅",
      "post": "",
      "tel_cell": "13519766822",
      "tel_office": "6305472",
      "fax": "6310564",
      "tel_home": "",
      "email": "",
      "sim_imsi": "",
      "contact_type": "TYPE_DWTXL",
      "pxh": "406",
      "contact_color": "5"
    },
    {
      "contact_id": "6300000000000000000000327",
      "contact_name": "钟泽海",
      "txlmlid": "63000000000000000460",
      "org_name": "青海省教育厅",
      "post": "",
      "tel_cell": "13997065009",
      "tel_office": "6330957",
      "fax": "6310564",
      "tel_home": "",
      "email": "",
      "sim_imsi": "",
      "contact_type": "TYPE_DWTXL",
      "pxh": "407",
      "contact_color": "2"
    },
    {
      "contact_id": "6300000000000000000000328",
      "contact_name": "魏兴海",
      "txlmlid": "63000000000000000460",
      "org_name": "青海省教育厅",
      "post": "",
      "tel_cell": "13519763296",
      "tel_office": "6312435",
      "fax": "6310564",
      "tel_home": "",
      "email": "",
      "sim_imsi": "",
      "contact_type": "TYPE_DWTXL",
      "pxh": "408",
      "contact_color": "1"
    },
    {
      "contact_id": "6300000000000000000000329",
      "contact_name": "李华",
      "txlmlid": "63000000000000000366",
      "org_name": "青海省科技厅",
      "post": "",
      "tel_cell": "13109775599",
      "tel_office": "8244825",
      "fax": "8239442",
      "tel_home": "",
      "email": "",
      "sim_imsi": "",
      "contact_type": "TYPE_DWTXL",
      "pxh": "409",
      "contact_color": "5"
    },
    {
      "contact_id": "6300000000000000000000330",
      "contact_name": "许淳",
      "txlmlid": "63000000000000000366",
      "org_name": "青海省科技厅",
      "post": "",
      "tel_cell": "13519785489",
      "tel_office": "8246235",
      "fax": "8239442",
      "tel_home": "",
      "email": "",
      "sim_imsi": "",
      "contact_type": "TYPE_DWTXL",
      "pxh": "410",
      "contact_color": "5"
    },
    {
      "contact_id": "6300000000000000000000331",
      "contact_name": "宋宝珠",
      "txlmlid": "63000000000000000366",
      "org_name": "青海省科技厅",
      "post": "",
      "tel_cell": "13709784310",
      "tel_office": "8244514",
      "fax": "8239442",
      "tel_home": "",
      "email": "",
      "sim_imsi": "",
      "contact_type": "TYPE_DWTXL",
      "pxh": "411",
      "contact_color": "3"
    },
    {
      "contact_id": "6300000000000000000000332",
      "contact_name": "任三动",
      "txlmlid": "63000000000000000470",
      "org_name": "青海省公安厅",
      "post": "",
      "tel_cell": "13909711131",
      "tel_office": "8293004",
      "fax": "8239274",
      "tel_home": "",
      "email": "",
      "sim_imsi": "",
      "contact_type": "TYPE_DWTXL",
      "pxh": "412",
      "contact_color": "3"
    },
    {
      "contact_id": "6300000000000000000000333",
      "contact_name": "田旭",
      "txlmlid": "63000000000000000470",
      "org_name": "青海省公安厅",
      "post": "",
      "tel_cell": "13519700301",
      "tel_office": "8293111",
      "fax": "8239274",
      "tel_home": "",
      "email": "",
      "sim_imsi": "",
      "contact_type": "TYPE_DWTXL",
      "pxh": "413",
      "contact_color": "1"
    },
    {
      "contact_id": "6300000000000000000000334",
      "contact_name": "兰生庆",
      "txlmlid": "63000000000000000470",
      "org_name": "青海省公安厅",
      "post": "",
      "tel_cell": "13997063222",
      "tel_office": "8293281",
      "fax": "8239274",
      "tel_home": "",
      "email": "",
      "sim_imsi": "",
      "contact_type": "TYPE_DWTXL",
      "pxh": "414",
      "contact_color": "2"
    },
    {
      "contact_id": "6300000000000000000000335",
      "contact_name": "邹海宁",
      "txlmlid": "63000000000000000470",
      "org_name": "青海省公安厅",
      "post": "",
      "tel_cell": "13897589979",
      "tel_office": "8293110",
      "fax": "8239274",
      "tel_home": "",
      "email": "",
      "sim_imsi": "",
      "contact_type": "TYPE_DWTXL",
      "pxh": "415",
      "contact_color": "5"
    },
    {
      "contact_id": "6300000000000000000000336",
      "contact_name": "值班电话",
      "txlmlid": "63000000000000000470",
      "org_name": "青海省公安厅",
      "post": "",
      "tel_cell": "",
      "tel_office": "8293110",
      "fax": "",
      "tel_home": "",
      "email": "",
      "sim_imsi": "",
      "contact_type": "TYPE_DWTXL",
      "pxh": "416",
      "contact_color": "4"
    },
    {
      "contact_id": "6300000000000000000000337",
      "contact_name": "武玉成",
      "txlmlid": "63000000000000000496",
      "org_name": "青海省国家安全厅",
      "post": "",
      "tel_cell": "13997182202",
      "tel_office": "8186179",
      "fax": "8186171",
      "tel_home": "",
      "email": "",
      "sim_imsi": "",
      "contact_type": "TYPE_DWTXL",
      "pxh": "417",
      "contact_color": "0"
    },
    {
      "contact_id": "6300000000000000000000338",
      "contact_name": "李菊花",
      "txlmlid": "63000000000000000496",
      "org_name": "青海省国家安全厅",
      "post": "",
      "tel_cell": "13897281336",
      "tel_office": "8186178",
      "fax": "8186171",
      "tel_home": "",
      "email": "",
      "sim_imsi": "",
      "contact_type": "TYPE_DWTXL",
      "pxh": "418",
      "contact_color": "4"
    },
    {
      "contact_id": "6300000000000000000000339",
      "contact_name": "辛全伟",
      "txlmlid": "63000000000000000368",
      "org_name": "青海省监察厅",
      "post": "",
      "tel_cell": "13709750341",
      "tel_office": "8483115",
      "fax": "8458069",
      "tel_home": "",
      "email": "",
      "sim_imsi": "",
      "contact_type": "TYPE_DWTXL",
      "pxh": "419",
      "contact_color": "1"
    },
    {
      "contact_id": "6300000000000000000000340",
      "contact_name": "曹健松",
      "txlmlid": "63000000000000000368",
      "org_name": "青海省监察厅",
      "post": "",
      "tel_cell": "13997284703",
      "tel_office": "8283121",
      "fax": "8458069",
      "tel_home": "",
      "email": "",
      "sim_imsi": "",
      "contact_type": "TYPE_DWTXL",
      "pxh": "420",
      "contact_color": "2"
    },
    {
      "contact_id": "6300000000000000000000341",
      "contact_name": "徐浩洲",
      "txlmlid": "63000000000000000368",
      "org_name": "青海省监察厅",
      "post": "",
      "tel_cell": "13709760001",
      "tel_office": "8482654",
      "fax": "8458069",
      "tel_home": "",
      "email": "",
      "sim_imsi": "",
      "contact_type": "TYPE_DWTXL",
      "pxh": "421",
      "contact_color": "3"
    },
    {
      "contact_id": "6300000000000000000000342",
      "contact_name": "董立田",
      "txlmlid": "63000000000000000368",
      "org_name": "青海省监察厅",
      "post": "",
      "tel_cell": "13709780207",
      "tel_office": "8482414",
      "fax": "8458069",
      "tel_home": "",
      "email": "",
      "sim_imsi": "",
      "contact_type": "TYPE_DWTXL",
      "pxh": "422",
      "contact_color": "3"
    },
    {
      "contact_id": "6300000000000000000000343",
      "contact_name": "王长明",
      "txlmlid": "63000000000000000370",
      "org_name": "青海省民政厅",
      "post": "",
      "tel_cell": "13909715281",
      "tel_office": "6104230",
      "fax": "6104227",
      "tel_home": "",
      "email": "",
      "sim_imsi": "",
      "contact_type": "TYPE_DWTXL",
      "pxh": "423",
      "contact_color": "3"
    },
    {
      "contact_id": "6300000000000000000000344",
      "contact_name": "刘志德",
      "txlmlid": "63000000000000000370",
      "org_name": "青海省民政厅",
      "post": "",
      "tel_cell": "13997145709",
      "tel_office": "6104782",
      "fax": "6104227",
      "tel_home": "",
      "email": "",
      "sim_imsi": "",
      "contact_type": "TYPE_DWTXL",
      "pxh": "424",
      "contact_color": "3"
    },
    {
      "contact_id": "6300000000000000000000351",
      "contact_name": "测试没有手机号",
      "txlmlid": "63000000000000000370",
      "org_name": "青海省民政厅",
      "post": "",
      "tel_cell": "",
      "tel_office": "",
      "fax": "",
      "tel_home": "",
      "email": "",
      "sim_imsi": "",
      "contact_type": "TYPE_DWTXL",
      "pxh": "441",
      "contact_color": "1"
    },
    {
      "contact_id": "6300000000000000000000382",
      "contact_name": "测试数据cmw",
      "txlmlid": "63000000000000000001",
      "org_name": "",
      "post": "",
      "tel_cell": "",
      "tel_office": "",
      "fax": "",
      "tel_home": "",
      "email": "",
      "sim_imsi": "",
      "contact_type": "TYPE_DWTXL",
      "pxh": "502",
      "contact_color": "0"
    },
    {
      "contact_id": "6300000000000000000000401",
      "contact_name": "测试",
      "txlmlid": "63000000000000000149",
      "org_name": "",
      "post": "",
      "tel_cell": "18612121212",
      "tel_office": "53688888",
      "fax": "",
      "tel_home": "18613333333",
      "email": "",
      "sim_imsi": "",
      "contact_type": "TYPE_DWTXL",
      "pxh": "541",
      "contact_color": "3"
    },
    {
      "contact_id": "6300000000000000000000402",
      "contact_name": "测试",
      "txlmlid": "63000000000000000163",
      "org_name": "",
      "post": "",
      "tel_cell": "18612121212",
      "tel_office": "010-22222222",
      "fax": "",
      "tel_home": "18612121212",
      "email": "",
      "sim_imsi": "",
      "contact_type": "TYPE_DWTXL",
      "pxh": "542",
      "contact_color": "2"
    },
    {
      "contact_id": "6300000000000000000000411",
      "contact_name": "测试2",
      "txlmlid": "63000000000000000149",
      "org_name": "",
      "post": "",
      "tel_cell": "18613212321",
      "tel_office": "010-23455656",
      "fax": "",
      "tel_home": "010-23455656",
      "email": "",
      "sim_imsi": "",
      "contact_type": "TYPE_DWTXL",
      "pxh": "561",
      "contact_color": "1"
    },
    {
      "contact_id": "6300000000000000000000421",
      "contact_name": "测试了元",
      "txlmlid": "0000000000000000000000000",
      "org_name": "",
      "post": "",
      "tel_cell": "",
      "tel_office": "",
      "fax": "",
      "tel_home": "",
      "email": "",
      "sim_imsi": "",
      "contact_type": "TYPE_DWTXL",
      "pxh": "581",
      "contact_color": "2"
    },
    {
      "contact_id": "6300000000000000000000422",
      "contact_name": "测试测试",
      "txlmlid": "63000000000000000001",
      "org_name": "青海省人民政府",
      "post": "",
      "tel_cell": "",
      "tel_office": "",
      "fax": "",
      "tel_home": "",
      "email": "",
      "sim_imsi": "",
      "contact_type": "TYPE_DWTXL",
      "pxh": "582",
      "contact_color": "0"
    },
    {
      "contact_id": "6300000000000000000000424",
      "contact_name": "ceshi cmw",
      "txlmlid": "63000000000000000001",
      "org_name": "青海省人民政府",
      "post": "",
      "tel_cell": "",
      "tel_office": "",
      "fax": "",
      "tel_home": "",
      "email": "",
      "sim_imsi": "",
      "contact_type": "TYPE_DWTXL",
      "pxh": "584",
      "contact_color": "4"
    },
    {
      "contact_id": "6300000000000000000000425",
      "contact_name": "cems",
      "txlmlid": "63000000000000000001",
      "org_name": "",
      "post": "",
      "tel_cell": "",
      "tel_office": "",
      "fax": "",
      "tel_home": "",
      "email": "",
      "sim_imsi": "",
      "contact_type": "TYPE_DWTXL",
      "pxh": "585",
      "contact_color": "3"
    },
    {
      "contact_id": "6300000000000000000000426",
      "contact_name": "cmw",
      "txlmlid": "63000000000000000001",
      "org_name": "",
      "post": "",
      "tel_cell": "",
      "tel_office": "",
      "fax": "",
      "tel_home": "",
      "email": "",
      "sim_imsi": "",
      "contact_type": "TYPE_DWTXL",
      "pxh": "586",
      "contact_color": "5"
    },
    {
      "contact_id": "6300000000000000000000427",
      "contact_name": "ceshiceshi123cmw",
      "txlmlid": "63000000000000000001",
      "org_name": "青海省人民政府",
      "post": "",
      "tel_cell": "",
      "tel_office": "",
      "fax": "",
      "tel_home": "",
      "email": "",
      "sim_imsi": "",
      "contact_type": "TYPE_DWTXL",
      "pxh": "587",
      "contact_color": "1"
    }
  ]
}
